"chr.exposure","pos.exposure","SNP","other_allele.exposure","effect_allele.exposure","beta.exposure","se.exposure","eaf.exposure","samplesize.exposure","pval.exposure","exposure","mr_keep.exposure","pval_origin.exposure","id.exposure"
"1",7032168,"rs6673655","C","T",0.021,0.003,0.3228,NA,4.38530697774985e-12,"exposure",TRUE,"reported","aam"
"1",7421139,"rs845193","A","G",-0.0212,0.0032,0.7424,NA,4.85847530937493e-11,"exposure",TRUE,"reported","aam"
"1",7917829,"rs498130","G","A",-0.019,0.003,0.6597,NA,2.22100737165515e-10,"exposure",TRUE,"reported","aam"
"1",8490320,"rs302719","T","G",0.0304,0.003,0.3347,NA,9.70957006528828e-24,"exposure",TRUE,"reported","aam"
"1",14137575,"rs2473234","A","C",-0.0365,0.004,0.8559,NA,1.5999263828686e-19,"exposure",TRUE,"reported","aam"
"1",21398119,"rs61779072","A","G",0.0443,0.0053,0.0844,NA,9.07402559622867e-17,"exposure",TRUE,"reported","aam"
"1",27083629,"rs147324893","C","G",-0.0343,0.0053,0.0805,NA,9.34114255736478e-11,"exposure",TRUE,"reported","aam"
"1",33789670,"rs11061","G","A",0.0228,0.0033,0.2365,NA,5.877599636806e-12,"exposure",TRUE,"reported","aam"
"1",38782783,"rs1778048","G","A",-0.0197,0.0033,0.7631,NA,2.99398761846129e-09,"exposure",TRUE,"reported","aam"
"1",44097530,"rs2970610","T","C",-0.0348,0.003,0.6783,NA,6.99680869978558e-31,"exposure",TRUE,"reported","aam"
"1",44623965,"rs58931995","C","A",0.0178,0.0031,0.2879,NA,1.05701220012422e-08,"exposure",TRUE,"reported","aam"
"1",53029552,"rs76993084","A","T",0.0358,0.0065,0.0517,NA,4.25804257975088e-08,"exposure",TRUE,"reported","aam"
"1",54730036,"rs3766431","G","A",-0.0185,0.0029,0.4452,NA,1.24399891050616e-10,"exposure",TRUE,"reported","aam"
"1",65844963,"rs3818449","A","G",-0.0218,0.0028,0.5762,NA,2.02395102798877e-14,"exposure",TRUE,"reported","aam"
"1",65934354,"rs61779781","T","C",0.0306,0.0028,0.4253,NA,4.71085785420372e-27,"exposure",TRUE,"reported","aam"
"1",67026156,"rs56283052","T","A",-0.0245,0.004,0.1394,NA,1.49300066099528e-09,"exposure",TRUE,"reported","aam"
"1",72612371,"rs11209921","C","T",-0.0301,0.0028,0.4587,NA,1.18113625393405e-26,"exposure",TRUE,"reported","aam"
"1",73141767,"rs12127723","G","A",-0.0218,0.0029,0.5349,NA,3.26964046834305e-14,"exposure",TRUE,"reported","aam"
"1",74995450,"rs11210476","A","G",0.0499,0.0028,0.5592,NA,9.89008445021059e-70,"exposure",TRUE,"reported","aam"
"1",83252510,"rs390296","C","G",0.0203,0.0029,0.398,NA,2.8661571574642e-12,"exposure",TRUE,"reported","aam"
"1",91196176,"rs12042107","T","C",0.0169,0.0029,0.5485,NA,4.76003339923012e-09,"exposure",TRUE,"reported","aam"
"1",98450788,"rs12094520","C","T",0.0206,0.0028,0.5027,NA,2.55328915153389e-13,"exposure",TRUE,"reported","aam"
"1",102521349,"rs4512669","G","A",-0.0302,0.0028,0.5363,NA,1.33905988554674e-26,"exposure",TRUE,"reported","aam"
"1",150295131,"rs1498308","G","T",0.0195,0.0029,0.3947,NA,2.37684028662487e-11,"exposure",TRUE,"reported","aam"
"1",151008852,"rs7540258","A","G",0.0295,0.0048,0.9053,NA,1.19999655704811e-09,"exposure",TRUE,"reported","aam"
"1",154108501,"rs16835819","T","C",-0.0652,0.0118,0.0197,NA,2.88403150312661e-08,"exposure",TRUE,"reported","aam"
"1",162892924,"rs2343506","A","C",0.0237,0.0029,0.5888,NA,3.10885165988056e-16,"exposure",TRUE,"reported","aam"
"1",165364114,"rs146212128","C","T",0.0837,0.0142,0.0123,NA,3.90301301964209e-09,"exposure",TRUE,"reported","aam"
"1",165403451,"rs3767357","A","G",-0.077,0.0042,0.1296,NA,7.26775033810329e-76,"exposure",TRUE,"reported","aam"
"1",168231407,"rs4656149","G","A",0.0238,0.0032,0.7255,NA,1.26211811457075e-13,"exposure",TRUE,"reported","aam"
"1",177899121,"rs545608","G","C",-0.064,0.0035,0.2001,NA,3.36511569375492e-74,"exposure",TRUE,"reported","aam"
"1",199798339,"rs6427782","G","A",0.0285,0.0028,0.5151,NA,7.8234804203146e-24,"exposure",TRUE,"reported","aam"
"1",205762406,"rs823154","C","T",0.0232,0.0029,0.3998,NA,6.12632454443865e-16,"exposure",TRUE,"reported","aam"
"1",213375416,"rs11120102","C","T",0.0207,0.0034,0.6468,NA,1.37499145748503e-09,"exposure",TRUE,"reported","aam"
"1",214017806,"rs150351382","A","G",-0.0654,0.0104,0.0235,NA,3.60196924229723e-10,"exposure",TRUE,"reported","aam"
"1",225668524,"rs10915840","G","A",-0.0211,0.0032,0.273,NA,4.41468783705263e-11,"exposure",TRUE,"reported","aam"
"1",239044841,"rs6673984","C","T",-0.0197,0.0031,0.7174,NA,2.86701523008068e-10,"exposure",TRUE,"reported","aam"
"1",243710190,"rs7517340","T","C",0.025,0.0036,0.811,NA,5.75307452648443e-12,"exposure",TRUE,"reported","aam"
"2",422144,"rs62107261","T","C",0.124,0.0075,0.0485,NA,4.33710563500441e-62,"exposure",TRUE,"reported","aam"
"2",623216,"rs4854340","G","A",-0.0683,0.0037,0.8278,NA,2.1537733556622e-76,"exposure",TRUE,"reported","aam"
"2",6336542,"rs12692299","G","C",0.0174,0.003,0.4957,NA,6.60693448007596e-09,"exposure",TRUE,"reported","aam"
"2",10368606,"rs7587651","C","T",-0.0242,0.0034,0.3745,NA,2.44174327349674e-12,"exposure",TRUE,"reported","aam"
"2",23614954,"rs1561321","T","C",-0.0163,0.003,0.3419,NA,3.71603674719457e-08,"exposure",TRUE,"reported","aam"
"2",25136916,"rs10203482","T","C",-0.0232,0.0029,0.4351,NA,5.56544634258258e-16,"exposure",TRUE,"reported","aam"
"2",29100168,"rs7592895","G","A",0.0183,0.0028,0.4635,NA,5.67544605408547e-11,"exposure",TRUE,"reported","aam"
"2",32805316,"rs72787504","C","T",0.0279,0.0047,0.0998,NA,3.79297517275294e-09,"exposure",TRUE,"reported","aam"
"2",43630493,"rs17030752","T","C",-0.019,0.0034,0.2213,NA,2.00299562178882e-08,"exposure",TRUE,"reported","aam"
"2",44995766,"rs12991919","G","A",-0.0232,0.0029,0.3729,NA,2.02721588206967e-15,"exposure",TRUE,"reported","aam"
"2",48013238,"rs3136249","G","C",0.0295,0.0036,0.1885,NA,1.52897364669071e-16,"exposure",TRUE,"reported","aam"
"2",56577406,"rs11893331","A","G",0.0701,0.0037,0.1719,NA,2.72521016384921e-79,"exposure",TRUE,"reported","aam"
"2",59315828,"rs6730325","G","A",0.0177,0.0029,0.61,NA,7.11000653660773e-10,"exposure",TRUE,"reported","aam"
"2",59951997,"rs11678302","T","G",-0.0278,0.0035,0.1987,NA,3.24563740620266e-15,"exposure",TRUE,"reported","aam"
"2",61580119,"rs35115993","C","T",0.0386,0.004,0.143,NA,1.37594159606339e-21,"exposure",TRUE,"reported","aam"
"2",69708367,"rs6546523","T","C",-0.0283,0.0037,0.1814,NA,2.54917705050912e-14,"exposure",TRUE,"reported","aam"
"2",73537642,"rs35894164","C","T",0.1049,0.0085,0.0313,NA,7.17133482657725e-35,"exposure",TRUE,"reported","aam"
"2",98336852,"rs34250439","G","A",0.0199,0.0034,0.2191,NA,7.49100350025496e-09,"exposure",TRUE,"reported","aam"
"2",105870779,"rs2679894","A","G",-0.047,0.003,0.5684,NA,3.84591782045354e-55,"exposure",TRUE,"reported","aam"
"2",105973094,"rs62155874","A","G",-0.0278,0.0043,0.1233,NA,7.57181509714707e-11,"exposure",TRUE,"reported","aam"
"2",116470425,"rs2421277","G","A",-0.0338,0.0044,0.8817,NA,1.16091387012618e-14,"exposure",TRUE,"reported","aam"
"2",121393032,"rs4848608","C","T",0.0275,0.0047,0.895,NA,4.10204102986606e-09,"exposure",TRUE,"reported","aam"
"2",126027385,"rs10205595","C","T",0.0158,0.0029,0.6088,NA,4.41702645096947e-08,"exposure",TRUE,"reported","aam"
"2",137610361,"rs778208","T","C",-0.0258,0.0032,0.7333,NA,1.29003056421799e-15,"exposure",TRUE,"reported","aam"
"2",142360384,"rs6733172","C","T",-0.0351,0.0034,0.7827,NA,9.64272985510528e-25,"exposure",TRUE,"reported","aam"
"2",146937420,"rs147742308","G","T",0.0304,0.0051,0.0883,NA,2.21600124472958e-09,"exposure",TRUE,"reported","aam"
"2",153573528,"rs4664605","C","T",-0.031,0.003,0.6528,NA,6.65886177686127e-25,"exposure",TRUE,"reported","aam"
"2",156621725,"rs142058842","C","G",0.0675,0.0038,0.1681,NA,5.30640019194777e-72,"exposure",TRUE,"reported","aam"
"2",157366558,"rs141651762","G","C",-0.0394,0.0052,0.0817,NA,4.78960832497789e-14,"exposure",TRUE,"reported","aam"
"2",164530192,"rs4667698","T","C",-0.0275,0.0032,0.2731,NA,3.55877064848794e-18,"exposure",TRUE,"reported","aam"
"2",169685756,"rs830020","A","G",0.0173,0.0029,0.3554,NA,4.47095192463043e-09,"exposure",TRUE,"reported","aam"
"2",172747182,"rs62182403","G","A",0.0174,0.0028,0.5439,NA,7.02004668011456e-10,"exposure",TRUE,"reported","aam"
"2",174747988,"rs72919397","C","T",-0.0192,0.003,0.3452,NA,1.61499060417367e-10,"exposure",TRUE,"reported","aam"
"2",178608411,"rs77704018","A","G",-0.0556,0.0084,0.0325,NA,3.10598961990566e-11,"exposure",TRUE,"reported","aam"
"2",182543455,"rs1801262","T","C",-0.0165,0.003,0.6257,NA,4.01800062530769e-08,"exposure",TRUE,"reported","aam"
"2",184289731,"rs842564","T","G",-0.0344,0.0038,0.802,NA,9.27683858430677e-20,"exposure",TRUE,"reported","aam"
"2",199625153,"rs16830407","G","A",0.0393,0.003,0.3547,NA,2.60915572301413e-40,"exposure",TRUE,"reported","aam"
"2",199875180,"rs12473108","T","G",0.0525,0.0031,0.3086,NA,2.07204889775901e-65,"exposure",TRUE,"reported","aam"
"2",203433118,"rs114095286","A","T",-0.0481,0.0063,0.0575,NA,1.77786999321051e-14,"exposure",TRUE,"reported","aam"
"2",207066474,"rs115319174","G","C",-0.0428,0.0063,0.0558,NA,1.2858786926344e-11,"exposure",TRUE,"reported","aam"
"2",209628714,"rs111814489","A","G",0.0457,0.0045,0.1113,NA,2.25579692338668e-24,"exposure",TRUE,"reported","aam"
"2",211056948,"rs67549871","C","T",-0.0175,0.0029,0.4538,NA,8.25695656435985e-10,"exposure",TRUE,"reported","aam"
"2",218585213,"rs1991595","A","T",-0.0198,0.0035,0.7911,NA,2.32701937884816e-08,"exposure",TRUE,"reported","aam"
"2",226299309,"rs6753020","C","T",0.0222,0.0034,0.7599,NA,5.67544605408547e-11,"exposure",TRUE,"reported","aam"
"2",230832605,"rs9678593","C","T",-0.0171,0.003,0.3462,NA,8.34007584215871e-09,"exposure",TRUE,"reported","aam"
"2",232721258,"rs7604546","T","C",0.0199,0.0032,0.2728,NA,3.42199995898685e-10,"exposure",TRUE,"reported","aam"
"3",1906245,"rs73820560","A","C",0.0291,0.0041,0.1408,NA,1.70490427599289e-12,"exposure",TRUE,"reported","aam"
"3",18435218,"rs9310563","C","T",-0.0258,0.0029,0.3912,NA,1.08893009333343e-18,"exposure",TRUE,"reported","aam"
"3",23901028,"rs6779537","T","A",0.0172,0.0028,0.5568,NA,1.31898543547985e-09,"exposure",TRUE,"reported","aam"
"3",24206463,"rs73035994","T","C",0.0823,0.0084,0.0304,NA,1.34214673738349e-22,"exposure",TRUE,"reported","aam"
"3",24715135,"rs1984870","G","T",0.0396,0.0028,0.4739,NA,3.93640704143101e-44,"exposure",TRUE,"reported","aam"
"3",49317338,"rs6778080","T","C",-0.0438,0.0032,0.7313,NA,4.51439961266952e-42,"exposure",TRUE,"reported","aam"
"3",51480941,"rs35746825","G","A",0.0712,0.0066,0.0517,NA,3.82736604809812e-27,"exposure",TRUE,"reported","aam"
"3",52568805,"rs7639267","G","T",0.0216,0.0028,0.564,NA,1.94491219747676e-14,"exposure",TRUE,"reported","aam"
"3",61258964,"rs7617641","T","G",0.0184,0.0029,0.4182,NA,1.13998726556998e-10,"exposure",TRUE,"reported","aam"
"3",68593852,"rs11717918","A","G",0.0193,0.0031,0.3034,NA,3.95503198445865e-10,"exposure",TRUE,"reported","aam"
"3",71767000,"rs13070445","T","C",-0.0236,0.004,0.145,NA,4.83994024745915e-09,"exposure",TRUE,"reported","aam"
"3",75222937,"rs9810161","A","G",0.0215,0.0033,0.2443,NA,1.16000537078474e-10,"exposure",TRUE,"reported","aam"
"3",86910329,"rs9758500","A","G",0.0416,0.0029,0.6223,NA,4.54883307338143e-47,"exposure",TRUE,"reported","aam"
"3",87341538,"rs300992","G","A",0.0269,0.0044,0.1158,NA,1.07201287175259e-09,"exposure",TRUE,"reported","aam"
"3",88145924,"rs7626777","A","G",-0.0391,0.0039,0.8481,NA,2.51420103015903e-23,"exposure",TRUE,"reported","aam"
"3",114565949,"rs4146802","A","C",-0.0369,0.0066,0.9516,NA,1.87300958563143e-08,"exposure",TRUE,"reported","aam"
"3",114792654,"rs9815319","T","C",-0.0355,0.0047,0.1016,NA,2.68410808354523e-14,"exposure",TRUE,"reported","aam"
"3",115971484,"rs9850908","T","C",-0.0251,0.0038,0.8364,NA,3.87436024728002e-11,"exposure",TRUE,"reported","aam"
"3",117590202,"rs13100226","C","T",0.0513,0.0028,0.5039,NA,3.640826637894e-75,"exposure",TRUE,"reported","aam"
"3",128058617,"rs3849531","A","T",0.035,0.0032,0.2721,NA,1.6481623915255e-28,"exposure",TRUE,"reported","aam"
"3",132607325,"rs73205548","C","T",0.0324,0.0038,0.163,NA,3.90031784475066e-17,"exposure",TRUE,"reported","aam"
"3",136989991,"rs13067731","C","T",0.0313,0.0038,0.1668,NA,9.14534303120464e-17,"exposure",TRUE,"reported","aam"
"3",151800199,"rs13080934","C","T",-0.0215,0.0034,0.2239,NA,4.46303199230268e-10,"exposure",TRUE,"reported","aam"
"3",156797702,"rs10049090","G","A",-0.0364,0.0029,0.406,NA,1.04111810762334e-36,"exposure",TRUE,"reported","aam"
"3",158790162,"rs6773958","A","G",0.0168,0.0028,0.4719,NA,3.59699637381441e-09,"exposure",TRUE,"reported","aam"
"3",172121443,"rs582780","A","G",-0.0251,0.0029,0.4264,NA,5.76500913769854e-18,"exposure",TRUE,"reported","aam"
"3",181690242,"rs4855067","T","C",0.0178,0.0031,0.6649,NA,5.04603199628939e-09,"exposure",TRUE,"reported","aam"
"3",183938857,"rs4447797","G","A",0.0186,0.0031,0.3219,NA,1.42400003508129e-09,"exposure",TRUE,"reported","aam"
"3",185651469,"rs2300922","C","T",0.0377,0.0029,0.4174,NA,1.56098956545505e-39,"exposure",TRUE,"reported","aam"
"4",3267342,"rs2798225","G","A",0.0279,0.0028,0.5688,NA,9.58738129884533e-23,"exposure",TRUE,"reported","aam"
"4",28742169,"rs7678293","A","G",0.0326,0.0032,0.7342,NA,2.11008524186049e-24,"exposure",TRUE,"reported","aam"
"4",44276751,"rs10007704","T","C",0.0176,0.0029,0.3578,NA,2.26297627060451e-09,"exposure",TRUE,"reported","aam"
"4",45182527,"rs10938397","A","G",-0.0372,0.0028,0.4292,NA,2.14585315988438e-39,"exposure",TRUE,"reported","aam"
"4",45884164,"rs28858464","C","T",-0.0201,0.0031,0.3035,NA,8.46057734384288e-11,"exposure",TRUE,"reported","aam"
"4",60224601,"rs28894720","G","T",0.0178,0.0031,0.2923,NA,1.03399871728661e-08,"exposure",TRUE,"reported","aam"
"4",95146281,"rs2664871","C","T",0.0374,0.0029,0.3987,NA,3.09171889389171e-39,"exposure",TRUE,"reported","aam"
"4",101962693,"rs58457068","G","T",-0.023,0.0036,0.1992,NA,1.20600747602932e-10,"exposure",TRUE,"reported","aam"
"4",104267254,"rs6844340","G","T",0.0259,0.0031,0.2903,NA,3.6753609777148e-17,"exposure",TRUE,"reported","aam"
"4",104641103,"rs3733631","G","C",0.0562,0.0039,0.1552,NA,9.41239186908969e-48,"exposure",TRUE,"reported","aam"
"4",106048291,"rs17035289","T","C",-0.0352,0.0038,0.1675,NA,2.2268963323534e-20,"exposure",TRUE,"reported","aam"
"4",115111292,"rs28409428","A","C",0.0175,0.0031,0.7145,NA,1.96001773031078e-08,"exposure",TRUE,"reported","aam"
"4",115979670,"rs13131064","T","C",0.0218,0.0029,0.558,NA,2.68781887863813e-14,"exposure",TRUE,"reported","aam"
"4",130731284,"rs4864201","T","C",0.0232,0.003,0.6473,NA,6.11364194500768e-15,"exposure",TRUE,"reported","aam"
"4",132621869,"rs62316795","C","A",0.0325,0.0037,0.1988,NA,6.80612623801494e-19,"exposure",TRUE,"reported","aam"
"4",145425752,"rs1960493","G","A",0.0202,0.0029,0.3932,NA,2.79576072758083e-12,"exposure",TRUE,"reported","aam"
"4",153500893,"rs2054760","G","A",0.0183,0.003,0.3207,NA,2.03301227103998e-09,"exposure",TRUE,"reported","aam"
"4",162059871,"rs34185898","G","T",-0.0235,0.0034,0.2254,NA,2.51188643150958e-12,"exposure",TRUE,"reported","aam"
"4",164900240,"rs7685128","A","G",0.0206,0.0036,0.625,NA,7.95994377293145e-09,"exposure",TRUE,"reported","aam"
"4",177463248,"rs309782","G","C",-0.0165,0.0029,0.4433,NA,7.88605860145599e-09,"exposure",TRUE,"reported","aam"
"4",188827721,"rs35224504","C","T",-0.0261,0.0043,0.1363,NA,1.11899977705171e-09,"exposure",TRUE,"reported","aam"
"5",16836005,"rs9312937","T","C",0.0203,0.0029,0.4817,NA,4.69677764190229e-12,"exposure",TRUE,"reported","aam"
"5",35036398,"rs344152","G","A",-0.0205,0.003,0.6638,NA,1.13893778187571e-11,"exposure",TRUE,"reported","aam"
"5",43190647,"rs35375873","G","C",0.0456,0.0047,0.1135,NA,5.67936786772004e-22,"exposure",TRUE,"reported","aam"
"5",52663928,"rs55685432","A","G",-0.0255,0.0039,0.1706,NA,5.31006698966283e-11,"exposure",TRUE,"reported","aam"
"5",53005969,"rs449160","A","G",0.0276,0.0033,0.7643,NA,6.10239056644662e-17,"exposure",TRUE,"reported","aam"
"5",59144730,"rs256353","T","A",0.0225,0.003,0.3119,NA,1.44311187366504e-13,"exposure",TRUE,"reported","aam"
"5",64004936,"rs147382712","C","G",0.0764,0.0098,0.0273,NA,5.61047976032471e-15,"exposure",TRUE,"reported","aam"
"5",77148596,"rs13185314","G","T",-0.0188,0.0028,0.4897,NA,3.71535229097173e-11,"exposure",TRUE,"reported","aam"
"5",77710880,"rs6896927","T","C",0.0183,0.0033,0.7543,NA,2.012009375033e-08,"exposure",TRUE,"reported","aam"
"5",87642226,"rs148032075","C","T",0.0668,0.0108,0.0196,NA,5.57904674196297e-10,"exposure",TRUE,"reported","aam"
"5",95649772,"rs10063744","C","G",0.0218,0.0031,0.291,NA,2.2268963323534e-12,"exposure",TRUE,"reported","aam"
"5",110422487,"rs1069782","C","T",0.0277,0.0044,0.8745,NA,4.62700533236182e-10,"exposure",TRUE,"reported","aam"
"5",110877352,"rs247524","A","G",-0.0321,0.0031,0.2827,NA,8.25467539811728e-25,"exposure",TRUE,"reported","aam"
"5",111028566,"rs154081","G","A",0.0331,0.004,0.8565,NA,1.6128723621704e-16,"exposure",TRUE,"reported","aam"
"5",112405995,"rs62373348","A","T",0.026,0.0045,0.1078,NA,1.02901095891152e-08,"exposure",TRUE,"reported","aam"
"5",133900513,"rs13179411","G","T",0.0624,0.0038,0.1583,NA,2.27300295329098e-59,"exposure",TRUE,"reported","aam"
"5",137773525,"rs12659034","C","T",-0.0303,0.0034,0.2134,NA,1.46487308661344e-18,"exposure",TRUE,"reported","aam"
"5",138313146,"rs10515505","A","G",0.0203,0.003,0.3502,NA,1.18304155572517e-11,"exposure",TRUE,"reported","aam"
"5",141682090,"rs10477172","C","T",0.0165,0.0028,0.4818,NA,3.95002641597884e-09,"exposure",TRUE,"reported","aam"
"5",149425788,"rs58861317","C","T",0.028,0.0046,0.1064,NA,1.28801226921123e-09,"exposure",TRUE,"reported","aam"
"5",153545587,"rs4958361","C","G",0.0224,0.0028,0.5337,NA,1.38484127772199e-15,"exposure",TRUE,"reported","aam"
"5",156754659,"rs13154298","C","T",0.0246,0.0044,0.1213,NA,1.883996102435e-08,"exposure",TRUE,"reported","aam"
"5",165935976,"rs2961856","A","G",-0.0212,0.0029,0.4709,NA,1.87499450806742e-13,"exposure",TRUE,"reported","aam"
"5",167269875,"rs36098019","T","C",0.0291,0.0039,0.1551,NA,7.10231614300866e-14,"exposure",TRUE,"reported","aam"
"5",167512615,"rs62383401","C","T",-0.0196,0.0035,0.2141,NA,1.2740016779613e-08,"exposure",TRUE,"reported","aam"
"5",167958419,"rs4976561","C","G",0.0236,0.0029,0.3768,NA,5.85328943832558e-16,"exposure",TRUE,"reported","aam"
"5",168730829,"rs1422030","G","A",-0.0316,0.0034,0.7861,NA,3.08176841661152e-20,"exposure",TRUE,"reported","aam"
"5",178988608,"rs6899218","T","A",0.0175,0.0028,0.5217,NA,6.89493220030236e-10,"exposure",TRUE,"reported","aam"
"5",180645425,"rs11746028","C","T",-0.0349,0.0038,0.1737,NA,3.19963176731834e-20,"exposure",TRUE,"reported","aam"
"6",11762774,"rs2235397","G","A",0.019,0.0033,0.7465,NA,5.66200175964806e-09,"exposure",TRUE,"reported","aam"
"6",11926263,"rs2327461","T","C",-0.0197,0.0029,0.4696,NA,6.52980181092871e-12,"exposure",TRUE,"reported","aam"
"6",20679709,"rs7756992","A","G",0.025,0.0037,0.2652,NA,1.98289628905472e-11,"exposure",TRUE,"reported","aam"
"6",29645989,"rs4085262","A","C",-0.0498,0.006,0.06,NA,6.57657837355423e-17,"exposure",TRUE,"reported","aam"
"6",31077646,"rs9295951","C","T",0.0244,0.0037,0.1721,NA,6.83439380986021e-11,"exposure",TRUE,"reported","aam"
"6",31329135,"rs2428493","C","A",0.0289,0.003,0.4028,NA,7.93779721690116e-22,"exposure",TRUE,"reported","aam"
"6",41893323,"rs9349203","G","A",-0.0332,0.0028,0.548,NA,1.94177989440975e-32,"exposure",TRUE,"reported","aam"
"6",43160375,"rs113113059","T","C",-0.0208,0.0035,0.2132,NA,1.59099934188054e-09,"exposure",TRUE,"reported","aam"
"6",43898232,"rs10948107","G","A",-0.0187,0.0033,0.2422,NA,1.50598275919759e-08,"exposure",TRUE,"reported","aam"
"6",50849459,"rs62405440","C","T",-0.0371,0.0046,0.1052,NA,8.73172400617861e-16,"exposure",TRUE,"reported","aam"
"6",54682331,"rs6918226","G","T",0.0304,0.0028,0.4771,NA,1.83104914147167e-27,"exposure",TRUE,"reported","aam"
"6",56877318,"rs720884","A","G",-0.0449,0.0038,0.1702,NA,6.56901116476265e-32,"exposure",TRUE,"reported","aam"
"6",76449917,"rs62414763","G","C",0.0298,0.0029,0.3602,NA,1.8420440010025e-24,"exposure",TRUE,"reported","aam"
"6",76928081,"rs13219335","C","T",0.0269,0.0029,0.6137,NA,2.03422974321172e-20,"exposure",TRUE,"reported","aam"
"6",77743380,"rs9361180","G","T",-0.0458,0.0035,0.2049,NA,1.98289628905472e-38,"exposure",TRUE,"reported","aam"
"6",84250199,"rs76953190","C","A",0.0603,0.0082,0.0335,NA,2.64728074001757e-13,"exposure",TRUE,"reported","aam"
"6",88014603,"rs1103084","G","A",-0.0167,0.0029,0.6122,NA,8.02490685028453e-09,"exposure",TRUE,"reported","aam"
"6",100116092,"rs9321659","G","A",0.057,0.0042,0.1293,NA,2.75676661029008e-41,"exposure",TRUE,"reported","aam"
"6",100264910,"rs6913338","A","T",-0.0363,0.0047,0.1018,NA,1.57615890496384e-14,"exposure",TRUE,"reported","aam"
"6",100760042,"rs9376867","G","A",-0.0258,0.0035,0.3005,NA,3.39468905380078e-13,"exposure",TRUE,"reported","aam"
"6",100954036,"rs240766","G","A",-0.0365,0.0029,0.5547,NA,4.84730112624363e-37,"exposure",TRUE,"reported","aam"
"6",105358192,"rs6902789","G","A",0.0996,0.0029,0.3668,NA,1e-200,"exposure",TRUE,"reported","aam"
"6",108876002,"rs768023","G","A",-0.0285,0.0029,0.6259,NA,9.91288344947896e-23,"exposure",TRUE,"reported","aam"
"6",124272367,"rs12207252","T","C",0.0185,0.0032,0.2844,NA,5.8020304002921e-09,"exposure",TRUE,"reported","aam"
"6",126785062,"rs9388496","A","G",-0.0397,0.0028,0.4588,NA,1.40410633892044e-45,"exposure",TRUE,"reported","aam"
"6",128351143,"rs9482858","T","C",0.0354,0.0039,0.1639,NA,1.44510698425397e-19,"exposure",TRUE,"reported","aam"
"6",141494602,"rs11754747","C","T",-0.0191,0.0033,0.2548,NA,9.30593468389484e-09,"exposure",TRUE,"reported","aam"
"6",143091263,"rs109836","A","G",-0.0546,0.0088,0.9706,NA,5.86300142851137e-10,"exposure",TRUE,"reported","aam"
"6",148285329,"rs6911527","C","T",0.0213,0.0033,0.229,NA,1.83100698049249e-10,"exposure",TRUE,"reported","aam"
"6",151803754,"rs6933660","C","A",-0.0318,0.0031,0.3126,NA,2.60075834096442e-25,"exposure",TRUE,"reported","aam"
"6",165093088,"rs11753244","G","A",0.0165,0.0029,0.4446,NA,8.70702918161023e-09,"exposure",TRUE,"reported","aam"
"6",170685537,"rs12189864","A","G",-0.0188,0.0031,0.6796,NA,1.73500208088157e-09,"exposure",TRUE,"reported","aam"
"7",1714448,"rs4073785","G","C",-0.0196,0.003,0.3553,NA,8.9351119860522e-11,"exposure",TRUE,"reported","aam"
"7",2322739,"rs187463678","A","G",-0.0523,0.0093,0.0259,NA,1.91297810792398e-08,"exposure",TRUE,"reported","aam"
"7",5353760,"rs146427679","T","G",-0.0327,0.0048,0.1129,NA,6.99680869978561e-12,"exposure",TRUE,"reported","aam"
"7",15031450,"rs10278686","C","T",-0.0164,0.0029,0.4968,NA,1.7850073141764e-08,"exposure",TRUE,"reported","aam"
"7",27762627,"rs28521509","G","A",-0.0233,0.0034,0.2228,NA,5.08042447994844e-12,"exposure",TRUE,"reported","aam"
"7",32750929,"rs146244263","C","A",-0.0254,0.0041,0.1484,NA,5.85504180119594e-10,"exposure",TRUE,"reported","aam"
"7",41470093,"rs1079866","C","G",0.0745,0.0047,0.1377,NA,6.28637088413051e-56,"exposure",TRUE,"reported","aam"
"7",50566390,"rs3807563","C","T",0.0195,0.003,0.4068,NA,8.69160537856855e-11,"exposure",TRUE,"reported","aam"
"7",50731802,"rs2237465","T","C",-0.0175,0.003,0.3304,NA,5.03396277829019e-09,"exposure",TRUE,"reported","aam"
"7",70045561,"rs17141778","G","C",-0.0173,0.003,0.4199,NA,7.2240376374757e-09,"exposure",TRUE,"reported","aam"
"7",74236723,"rs801011","C","T",0.0404,0.0035,0.6933,NA,1.03609600704048e-30,"exposure",TRUE,"reported","aam"
"7",75176856,"rs1668935","A","G",-0.0166,0.0029,0.4491,NA,9.92795957227091e-09,"exposure",TRUE,"reported","aam"
"7",78132561,"rs10257560","G","A",-0.0183,0.0028,0.5235,NA,6.93745213942124e-11,"exposure",TRUE,"reported","aam"
"7",88416536,"rs10248441","T","C",-0.0179,0.0031,0.3085,NA,7.58001386458912e-09,"exposure",TRUE,"reported","aam"
"7",94141226,"rs2374735","A","G",0.0231,0.0029,0.585,NA,9.0740255962287e-16,"exposure",TRUE,"reported","aam"
"7",99711040,"rs4134903","G","A",0.0275,0.0031,0.283,NA,6.68497827161589e-19,"exposure",TRUE,"reported","aam"
"7",106941324,"rs12112877","T","C",0.02,0.0031,0.2906,NA,1.05599047282805e-10,"exposure",TRUE,"reported","aam"
"7",110036626,"rs34585749","A","T",0.0175,0.0029,0.4136,NA,9.89190643889873e-10,"exposure",TRUE,"reported","aam"
"7",121964349,"rs1899689","C","T",0.026,0.0029,0.3921,NA,5.83176479731641e-19,"exposure",TRUE,"reported","aam"
"7",122161172,"rs11760765","A","G",0.0265,0.0031,0.2974,NA,6.73441692688716e-18,"exposure",TRUE,"reported","aam"
"7",130420740,"rs35775580","A","G",0.0537,0.0073,0.0439,NA,1.38006645597033e-13,"exposure",TRUE,"reported","aam"
"7",132716441,"rs10246888","G","C",0.0247,0.0029,0.3799,NA,2.11300244702413e-17,"exposure",TRUE,"reported","aam"
"7",139714607,"rs6948521","G","A",0.021,0.0035,0.2225,NA,2.75498983000146e-09,"exposure",TRUE,"reported","aam"
"7",140592257,"rs60081231","A","G",0.0341,0.0055,0.0696,NA,6.15205203304133e-10,"exposure",TRUE,"reported","aam"
"7",150600845,"rs9640171","G","A",0.0213,0.0032,0.2725,NA,2.64180039026406e-11,"exposure",TRUE,"reported","aam"
"7",150948000,"rs4726010","T","C",-0.0157,0.0028,0.5201,NA,3.59799039796519e-08,"exposure",TRUE,"reported","aam"
"8",1600701,"rs9644315","C","A",0.0196,0.0028,0.483,NA,3.98290547901717e-12,"exposure",TRUE,"reported","aam"
"8",3767623,"rs2688326","C","T",-0.0379,0.0031,0.6984,NA,3.96278034255438e-35,"exposure",TRUE,"reported","aam"
"8",4144890,"rs17335036","G","A",-0.0244,0.004,0.1569,NA,1.42800589411298e-09,"exposure",TRUE,"reported","aam"
"8",4560081,"rs7828501","A","G",0.0383,0.0028,0.45,NA,1.21310948952092e-41,"exposure",TRUE,"reported","aam"
"8",4842296,"rs67446253","C","T",-0.0312,0.003,0.3364,NA,3.45700493886871e-25,"exposure",TRUE,"reported","aam"
"8",12600720,"rs1139354","T","A",-0.033,0.0055,0.0768,NA,2.06300366731071e-09,"exposure",TRUE,"reported","aam"
"8",25280800,"rs6185","C","G",0.024,0.0032,0.254,NA,1.21702640240405e-13,"exposure",TRUE,"reported","aam"
"8",34896272,"rs13272891","A","G",-0.0166,0.0029,0.3913,NA,8.99497581530036e-09,"exposure",TRUE,"reported","aam"
"8",53111074,"rs17220174","G","A",0.0255,0.0037,0.204,NA,2.91608379852123e-12,"exposure",TRUE,"reported","aam"
"8",53842780,"rs62507083","G","T",-0.0407,0.0043,0.122,NA,7.05992357893668e-21,"exposure",TRUE,"reported","aam"
"8",54030833,"rs12708145","G","A",0.035,0.0034,0.2258,NA,1.25400711324812e-24,"exposure",TRUE,"reported","aam"
"8",57832348,"rs78529063","T","C",-0.0257,0.0044,0.1251,NA,5.52802502000144e-09,"exposure",TRUE,"reported","aam"
"8",65115733,"rs13268763","T","C",-0.0228,0.0033,0.7501,NA,2.94577790233946e-12,"exposure",TRUE,"reported","aam"
"8",76368006,"rs67948007","C","T",-0.0279,0.0046,0.1454,NA,1.41299296632921e-09,"exposure",TRUE,"reported","aam"
"8",77784096,"rs10090153","A","G",0.0238,0.0029,0.6033,NA,7.74283491912459e-17,"exposure",TRUE,"reported","aam"
"8",78097725,"rs4735764","C","T",-0.0412,0.0031,0.2893,NA,3.08318795024933e-40,"exposure",TRUE,"reported","aam"
"8",78840489,"rs4739182","T","A",-0.0293,0.0034,0.7549,NA,2.2151339841372e-18,"exposure",TRUE,"reported","aam"
"8",87338452,"rs13280468","C","T",-0.0316,0.0032,0.26,NA,4.69461519382593e-23,"exposure",TRUE,"reported","aam"
"8",105326459,"rs77751245","T","G",-0.0192,0.0031,0.6473,NA,9.10290478288929e-10,"exposure",TRUE,"reported","aam"
"8",131085872,"rs117318988","C","T",0.0581,0.01,0.0199,NA,7.44200572876113e-09,"exposure",TRUE,"reported","aam"
"8",137939667,"rs118104429","C","A",-0.0577,0.0106,0.0239,NA,4.58300150645997e-08,"exposure",TRUE,"reported","aam"
"8",140652483,"rs11988314","T","A",0.0424,0.0037,0.1797,NA,3.08887262651275e-30,"exposure",TRUE,"reported","aam"
"9",1616908,"rs697049","C","T",-0.0241,0.003,0.6682,NA,6.00343758732564e-16,"exposure",TRUE,"reported","aam"
"9",7018817,"rs10975978","A","G",0.0284,0.0046,0.1085,NA,4.74602476436557e-10,"exposure",TRUE,"reported","aam"
"9",7174673,"rs913588","G","A",-0.0372,0.0029,0.5057,NA,8.84097169200496e-39,"exposure",TRUE,"reported","aam"
"9",10227921,"rs7027682","T","C",0.0193,0.0035,0.7947,NA,2.4300208503569e-08,"exposure",TRUE,"reported","aam"
"9",11426645,"rs9406422","G","A",0.0572,0.0055,0.0716,NA,5.05242644940154e-25,"exposure",TRUE,"reported","aam"
"9",22787477,"rs12348692","T","G",-0.0174,0.0031,0.3048,NA,2.9339992601926e-08,"exposure",TRUE,"reported","aam"
"9",73827806,"rs1354458","G","A",-0.0259,0.003,0.3094,NA,1.45211161758774e-17,"exposure",TRUE,"reported","aam"
"9",75931237,"rs12343707","G","C",0.0388,0.0052,0.0804,NA,8.90020479625527e-14,"exposure",TRUE,"reported","aam"
"9",76788027,"rs72744331","T","C",0.0362,0.0037,0.1796,NA,1.42889395851111e-22,"exposure",TRUE,"reported","aam"
"9",77267620,"rs12352112","C","T",0.0513,0.0067,0.0523,NA,1.19894704047942e-14,"exposure",TRUE,"reported","aam"
"9",80510077,"rs13291723","G","A",-0.0169,0.0028,0.5678,NA,3.01897835988381e-09,"exposure",TRUE,"reported","aam"
"9",83272324,"rs28890588","C","G",-0.0354,0.0037,0.1961,NA,1.06096241713649e-21,"exposure",TRUE,"reported","aam"
"9",86707289,"rs2378662","G","A",-0.0404,0.0029,0.5393,NA,1.12693793924871e-45,"exposure",TRUE,"reported","aam"
"9",92218027,"rs2031969","C","G",-0.0264,0.0031,0.2892,NA,1.10789856537429e-17,"exposure",TRUE,"reported","aam"
"9",92503499,"rs9696078","G","A",-0.0217,0.0029,0.4576,NA,9.4102248352675e-14,"exposure",TRUE,"reported","aam"
"9",96276135,"rs10992768","T","C",-0.0209,0.0031,0.3469,NA,1.8719748082291e-11,"exposure",TRUE,"reported","aam"
"9",104358406,"rs113372832","A","C",0.0462,0.0079,0.0351,NA,4.39399946797335e-09,"exposure",TRUE,"reported","aam"
"9",108910890,"rs77926259","A","C",-0.0946,0.0031,0.3147,NA,1e-200,"exposure",TRUE,"reported","aam"
"9",114293857,"rs10980927","A","G",0.1003,0.005,0.0862,NA,1.16011221614804e-89,"exposure",TRUE,"reported","aam"
"9",114362013,"rs7030900","G","C",-0.0372,0.0045,0.1098,NA,2.05021780120198e-16,"exposure",TRUE,"reported","aam"
"9",120385563,"rs10116193","A","G",0.0195,0.0029,0.3484,NA,3.01925643087196e-11,"exposure",TRUE,"reported","aam"
"9",127267281,"rs113733516","G","A",-0.0335,0.003,0.5094,NA,2.97371949506928e-29,"exposure",TRUE,"reported","aam"
"9",128115198,"rs3104549","T","C",0.0213,0.0036,0.7882,NA,2.10498982061505e-09,"exposure",TRUE,"reported","aam"
"9",131015279,"rs2267958","G","A",0.0226,0.003,0.5149,NA,2.47172414501613e-14,"exposure",TRUE,"reported","aam"
"10",1729026,"rs7896371","C","T",0.0403,0.0029,0.4553,NA,1.50383434796135e-43,"exposure",TRUE,"reported","aam"
"10",2718972,"rs928593","T","C",0.0284,0.0046,0.8919,NA,7.70992227715491e-10,"exposure",TRUE,"reported","aam"
"10",10251910,"rs1885740","G","A",-0.0252,0.0034,0.2813,NA,5.59113527570561e-14,"exposure",TRUE,"reported","aam"
"10",13541008,"rs10906395","T","C",0.0174,0.0029,0.3978,NA,1.25498923338761e-09,"exposure",TRUE,"reported","aam"
"10",25431547,"rs36096373","A","C",-0.0211,0.0031,0.3289,NA,4.95450190804791e-12,"exposure",TRUE,"reported","aam"
"10",51051329,"rs17719866","T","C",-0.0216,0.0032,0.2668,NA,1.13292197297056e-11,"exposure",TRUE,"reported","aam"
"10",63507915,"rs10761592","G","A",0.0173,0.0031,0.7152,NA,3.21602932381793e-08,"exposure",TRUE,"reported","aam"
"10",63660689,"rs6415872","G","A",0.0188,0.0028,0.4941,NA,3.1981586216666e-11,"exposure",TRUE,"reported","aam"
"10",65172747,"rs10761758","A","T",0.0192,0.0028,0.4808,NA,7.80548691466238e-12,"exposure",TRUE,"reported","aam"
"10",70354458,"rs949692","G","A",0.0218,0.0038,0.1741,NA,7.863031219515e-09,"exposure",TRUE,"reported","aam"
"10",71376514,"rs2999172","A","G",0.0223,0.0038,0.1849,NA,2.91998082821128e-09,"exposure",TRUE,"reported","aam"
"10",74071178,"rs4746113","G","A",-0.0235,0.0031,0.3053,NA,4.39845344921631e-14,"exposure",TRUE,"reported","aam"
"10",88042662,"rs2607843","A","C",-0.046,0.0058,0.9367,NA,2.66011247574193e-15,"exposure",TRUE,"reported","aam"
"10",90139234,"rs792219","A","G",0.0226,0.0029,0.3674,NA,1.25314117494142e-14,"exposure",TRUE,"reported","aam"
"10",97877320,"rs1172955","T","A",-0.0433,0.0031,0.7063,NA,7.41139567960078e-44,"exposure",TRUE,"reported","aam"
"10",102673063,"rs3802725","G","T",-0.0184,0.0028,0.439,NA,8.23948372044989e-11,"exposure",TRUE,"reported","aam"
"10",104824199,"rs11191541","A","G",0.0243,0.0029,0.3989,NA,2.29879370926401e-17,"exposure",TRUE,"reported","aam"
"10",117594744,"rs1541466","A","G",0.03,0.0035,0.2067,NA,1.66111614760002e-17,"exposure",TRUE,"reported","aam"
"10",118715399,"rs7902527","G","A",-0.0204,0.0034,0.2327,NA,1.27400167796129e-09,"exposure",TRUE,"reported","aam"
"10",120850164,"rs4751691","A","G",-0.0203,0.0029,0.5519,NA,1.85097264293165e-12,"exposure",TRUE,"reported","aam"
"10",121146691,"rs12413631","T","C",-0.0312,0.0055,0.0701,NA,1.63900394916373e-08,"exposure",TRUE,"reported","aam"
"10",123676662,"rs7077302","C","G",-0.0445,0.005,0.9121,NA,1.11096403539271e-18,"exposure",TRUE,"reported","aam"
"10",126851739,"rs28414241","A","T",0.0288,0.0028,0.4214,NA,4.28548520397441e-24,"exposure",TRUE,"reported","aam"
"10",134287486,"rs7907962","A","G",-0.0187,0.0029,0.4628,NA,1.61298377929431e-10,"exposure",TRUE,"reported","aam"
"11",206089,"rs3782120","G","A",0.0285,0.0033,0.2521,NA,1.94804955329077e-18,"exposure",TRUE,"reported","aam"
"11",1481131,"rs116913469","C","T",0.0284,0.0048,0.0982,NA,3.63103136179867e-09,"exposure",TRUE,"reported","aam"
"11",8669437,"rs10840100","A","G",-0.0385,0.0029,0.6521,NA,1.24795808787029e-39,"exposure",TRUE,"reported","aam"
"11",13324530,"rs10832021","G","A",-0.0475,0.0031,0.7117,NA,4.14381158264282e-53,"exposure",TRUE,"reported","aam"
"11",16786905,"rs61371450","G","A",-0.0351,0.0038,0.1731,NA,5.81969198981766e-20,"exposure",TRUE,"reported","aam"
"11",16878455,"rs392981","T","C",0.0282,0.0049,0.9047,NA,7.0930006557633e-09,"exposure",TRUE,"reported","aam"
"11",27702383,"rs16917237","G","T",0.0416,0.0035,0.2031,NA,1.63493315112983e-32,"exposure",TRUE,"reported","aam"
"11",29118542,"rs7478970","G","A",-0.0289,0.0034,0.2132,NA,4.05601917989914e-17,"exposure",TRUE,"reported","aam"
"11",30336002,"rs4071563","G","A",0.0368,0.0038,0.1628,NA,3.00815354394422e-22,"exposure",TRUE,"reported","aam"
"11",33314798,"rs10734415","A","G",0.0176,0.0031,0.7111,NA,1.49699379428458e-08,"exposure",TRUE,"reported","aam"
"11",43628749,"rs4755720","C","T",0.0312,0.0029,0.6109,NA,4.12382284321732e-27,"exposure",TRUE,"reported","aam"
"11",46071253,"rs4073513","A","G",0.0324,0.0031,0.7012,NA,1.94894686986205e-25,"exposure",TRUE,"reported","aam"
"11",47474146,"rs12361415","T","G",0.0284,0.0031,0.2826,NA,1.11096403539271e-19,"exposure",TRUE,"reported","aam"
"11",63593219,"rs10897450","G","C",0.0192,0.0028,0.5346,NA,9.18967177318926e-12,"exposure",TRUE,"reported","aam"
"11",65601560,"rs17854357","G","C",-0.0277,0.0038,0.1641,NA,3.01786633200868e-13,"exposure",TRUE,"reported","aam"
"11",77721537,"rs7936118","T","C",-0.0201,0.0029,0.511,NA,2.34422881531992e-12,"exposure",TRUE,"reported","aam"
"11",77940075,"rs2450128","G","A",0.0413,0.0039,0.1569,NA,2.1291193159295e-26,"exposure",TRUE,"reported","aam"
"11",81043936,"rs7119026","A","G",-0.0162,0.0028,0.4373,NA,1.06299200962626e-08,"exposure",TRUE,"reported","aam"
"11",84762531,"rs11234273","C","T",0.0282,0.0032,0.269,NA,5.94702822917262e-19,"exposure",TRUE,"reported","aam"
"11",94071678,"rs545075","G","C",0.0531,0.006,0.9398,NA,1.16493045699045e-18,"exposure",TRUE,"reported","aam"
"11",101503132,"rs12365805","C","T",0.0448,0.0033,0.7416,NA,4.1725351123179e-43,"exposure",TRUE,"reported","aam"
"11",119003322,"rs662069","C","A",-0.0207,0.003,0.4116,NA,2.35504928389601e-12,"exposure",TRUE,"reported","aam"
"11",121917978,"rs10790483","A","G",0.0177,0.003,0.3665,NA,2.51901062892158e-09,"exposure",TRUE,"reported","aam"
"11",122771528,"rs10892923","G","A",0.0182,0.003,0.367,NA,1.0520103195733e-09,"exposure",TRUE,"reported","aam"
"11",122837037,"rs11605693","T","C",0.0565,0.0028,0.5554,NA,6.21012011068534e-90,"exposure",TRUE,"reported","aam"
"11",134589355,"rs61909165","T","A",-0.0222,0.0038,0.1764,NA,4.94401750767395e-09,"exposure",TRUE,"reported","aam"
"12",1041450,"rs11571404","C","T",-0.0239,0.0036,0.1994,NA,2.15377335566217e-11,"exposure",TRUE,"reported","aam"
"12",2908330,"rs56196860","C","A",0.0581,0.0094,0.0306,NA,7.54605558615825e-10,"exposure",TRUE,"reported","aam"
"12",5016420,"rs2109421","T","C",-0.0169,0.0029,0.4955,NA,3.77103010940999e-09,"exposure",TRUE,"reported","aam"
"12",13945247,"rs7314871","A","C",0.0247,0.0045,0.1093,NA,4.70901419938492e-08,"exposure",TRUE,"reported","aam"
"12",17126283,"rs77530428","A","G",0.0949,0.0118,0.0165,NA,9.10542035595529e-16,"exposure",TRUE,"reported","aam"
"12",24634741,"rs11047473","G","A",0.0211,0.003,0.3372,NA,2.05920697207692e-12,"exposure",TRUE,"reported","aam"
"12",27850113,"rs12819160","A","T",-0.0209,0.0036,0.183,NA,9.59709955593331e-09,"exposure",TRUE,"reported","aam"
"12",31954509,"rs7487772","T","C",-0.0177,0.0028,0.4283,NA,4.66197564115777e-10,"exposure",TRUE,"reported","aam"
"12",39325759,"rs115755936","G","A",0.0403,0.0058,0.0721,NA,4.24912982081119e-12,"exposure",TRUE,"reported","aam"
"12",49256792,"rs3782360","G","A",0.0205,0.0029,0.4604,NA,8.60993752184602e-13,"exposure",TRUE,"reported","aam"
"12",49399132,"rs1126930","G","C",-0.0723,0.008,0.0343,NA,2.42493443103347e-19,"exposure",TRUE,"reported","aam"
"12",50263148,"rs7132908","G","A",-0.0354,0.0029,0.3856,NA,3.2240368719182e-34,"exposure",TRUE,"reported","aam"
"12",56493822,"rs2292238","A","C",0.0214,0.0029,0.4055,NA,2.78419724888356e-13,"exposure",TRUE,"reported","aam"
"12",59801192,"rs10877277","C","T",-0.0228,0.0036,0.1932,NA,1.91601983206846e-10,"exposure",TRUE,"reported","aam"
"12",75978513,"rs1148005","A","G",0.0233,0.0033,0.7643,NA,1.6951182515314e-12,"exposure",TRUE,"reported","aam"
"12",82607024,"rs139034078","G","A",-0.0696,0.0112,0.0199,NA,4.8230304074607e-10,"exposure",TRUE,"reported","aam"
"12",89832423,"rs12303240","C","T",0.0189,0.0029,0.4815,NA,3.59087262369451e-11,"exposure",TRUE,"reported","aam"
"12",92548180,"rs1369546","A","C",0.0159,0.0029,0.4315,NA,2.7489699978721e-08,"exposure",TRUE,"reported","aam"
"12",97541532,"rs10860153","A","G",-0.0256,0.003,0.3355,NA,6.48335795122059e-18,"exposure",TRUE,"reported","aam"
"12",108609634,"rs10861879","G","A",-0.027,0.0032,0.3138,NA,2.21411411209125e-17,"exposure",TRUE,"reported","aam"
"12",109848903,"rs6606710","T","C",0.0215,0.003,0.4,NA,1.05803491599623e-12,"exposure",TRUE,"reported","aam"
"12",111646519,"rs7952972","A","T",-0.0232,0.0038,0.1702,NA,6.61195668742277e-10,"exposure",TRUE,"reported","aam"
"12",114134590,"rs12297352","T","A",0.0184,0.0029,0.3711,NA,3.81399395171268e-10,"exposure",TRUE,"reported","aam"
"12",121220375,"rs2393717","G","C",-0.0211,0.0028,0.525,NA,5.79562130176304e-14,"exposure",TRUE,"reported","aam"
"12",125177454,"rs838950","G","A",-0.0215,0.0029,0.5713,NA,1.5581167631731e-13,"exposure",TRUE,"reported","aam"
"12",132412133,"rs3923717","G","A",0.0247,0.0032,0.7377,NA,2.74094297381808e-14,"exposure",TRUE,"reported","aam"
"12",133106090,"rs9737965","T","G",-0.0396,0.0061,0.9352,NA,7.10068096254533e-11,"exposure",TRUE,"reported","aam"
"13",21315827,"rs2818984","T","C",-0.0165,0.003,0.3307,NA,2.6880045530015e-08,"exposure",TRUE,"reported","aam"
"13",28018237,"rs9507895","G","C",0.0226,0.0032,0.2711,NA,1.36709910820375e-12,"exposure",TRUE,"reported","aam"
"13",28625831,"rs7989654","G","A",0.0178,0.003,0.617,NA,1.60398388250842e-09,"exposure",TRUE,"reported","aam"
"13",28702518,"rs9319416","A","G",-0.0269,0.0039,0.1571,NA,4.56352043921468e-12,"exposure",TRUE,"reported","aam"
"13",33380905,"rs7983267","C","T",0.0166,0.0028,0.4513,NA,3.31902099792899e-09,"exposure",TRUE,"reported","aam"
"13",40351064,"rs7986796","G","T",-0.0302,0.0029,0.6314,NA,7.61377432456149e-25,"exposure",TRUE,"reported","aam"
"13",49479027,"rs9562862","T","C",0.034,0.0039,0.1512,NA,4.04110374513491e-18,"exposure",TRUE,"reported","aam"
"13",54102206,"rs12429545","G","A",-0.0269,0.0043,0.1299,NA,4.58796398415598e-10,"exposure",TRUE,"reported","aam"
"13",59853640,"rs1409253","T","C",-0.025,0.0029,0.6222,NA,4.94652262675063e-18,"exposure",TRUE,"reported","aam"
"13",61988153,"rs3812873","C","G",0.0202,0.0033,0.2486,NA,1.34601531087523e-09,"exposure",TRUE,"reported","aam"
"13",62756813,"rs1587938","G","A",-0.0205,0.0028,0.5714,NA,5.1856117768584e-13,"exposure",TRUE,"reported","aam"
"13",74628712,"rs9543516","T","C",0.0272,0.003,0.6726,NA,1.2390818628281e-19,"exposure",TRUE,"reported","aam"
"13",97968001,"rs12019957","T","C",-0.0241,0.0037,0.179,NA,1.05099342718622e-10,"exposure",TRUE,"reported","aam"
"13",100564508,"rs9517913","G","A",0.02,0.0031,0.417,NA,1.40100601543503e-10,"exposure",TRUE,"reported","aam"
"13",112079904,"rs11620475","G","C",-0.04,0.0051,0.0927,NA,3.00607630262823e-15,"exposure",TRUE,"reported","aam"
"13",112174319,"rs1163862","T","C",-0.0293,0.0031,0.7128,NA,5.86813369618772e-21,"exposure",TRUE,"reported","aam"
"14",23826819,"rs2231810","C","T",-0.026,0.0044,0.1212,NA,3.05499145618353e-09,"exposure",TRUE,"reported","aam"
"14",28977714,"rs12893466","C","A",-0.0214,0.0032,0.2883,NA,1.55704082590184e-11,"exposure",TRUE,"reported","aam"
"14",30512510,"rs11848650","T","C",-0.0624,0.0073,0.0413,NA,1.26386300023126e-17,"exposure",TRUE,"reported","aam"
"14",40903541,"rs4903798","A","T",0.0213,0.0029,0.6057,NA,1.3341356829031e-13,"exposure",TRUE,"reported","aam"
"14",48027089,"rs11157563","T","A",-0.0195,0.0029,0.3775,NA,1.59294213512763e-11,"exposure",TRUE,"reported","aam"
"14",61091401,"rs34935520","G","A",-0.0469,0.0029,0.603,NA,2.37903044588061e-60,"exposure",TRUE,"reported","aam"
"14",66036795,"rs1958560","G","A",0.0191,0.0029,0.5974,NA,2.3730123584905e-11,"exposure",TRUE,"reported","aam"
"14",73424814,"rs2806033","C","T",0.0163,0.0029,0.5972,NA,1.11699183881598e-08,"exposure",TRUE,"reported","aam"
"14",78428671,"rs8007299","A","G",-0.0259,0.0028,0.5402,NA,8.22810831267928e-20,"exposure",TRUE,"reported","aam"
"14",78648558,"rs862327","G","A",-0.0203,0.0036,0.202,NA,1.18200686799469e-08,"exposure",TRUE,"reported","aam"
"14",93909792,"rs10142298","C","T",-0.0298,0.0031,0.686,NA,4.45348506269859e-22,"exposure",TRUE,"reported","aam"
"14",100625902,"rs7157599","C","T",0.0192,0.0032,0.7053,NA,1.01999959659372e-09,"exposure",TRUE,"reported","aam"
"14",100865861,"rs4900464","C","T",-0.0448,0.0033,0.2369,NA,2.80027059501065e-41,"exposure",TRUE,"reported","aam"
"14",101149605,"rs12588718","G","C",-0.0256,0.003,0.6623,NA,1.66609591666696e-17,"exposure",TRUE,"reported","aam"
"14",101529005,"rs7161194","A","G",0.0321,0.0038,0.6574,NA,2.90602937526363e-17,"exposure",TRUE,"reported","aam"
"14",105624693,"rs2072673","T","C",-0.0171,0.0029,0.6368,NA,7.18306836732253e-09,"exposure",TRUE,"reported","aam"
"15",23803985,"rs62000036","A","G",-0.0393,0.003,0.3129,NA,4.04389620507819e-38,"exposure",TRUE,"reported","aam"
"15",24824016,"rs8040272","A","G",-0.0424,0.0043,0.131,NA,1.715931710121e-22,"exposure",TRUE,"reported","aam"
"15",25081154,"rs72693643","A","C",0.0249,0.0038,0.173,NA,3.54323534878385e-11,"exposure",TRUE,"reported","aam"
"15",41247859,"rs112036939","A","T",0.0615,0.009,0.0278,NA,7.05504844050652e-12,"exposure",TRUE,"reported","aam"
"15",41432187,"rs2928155","G","A",-0.022,0.0029,0.3702,NA,4.06911533809197e-14,"exposure",TRUE,"reported","aam"
"15",47878853,"rs12905006","G","A",0.0196,0.0031,0.2845,NA,2.98497020155649e-10,"exposure",TRUE,"reported","aam"
"15",54362745,"rs11071023","G","A",-0.0226,0.0029,0.5857,NA,5.01302649539806e-15,"exposure",TRUE,"reported","aam"
"15",60781513,"rs3743266","T","C",-0.0411,0.003,0.3271,NA,1.36709910820376e-41,"exposure",TRUE,"reported","aam"
"15",64611053,"rs55666682","A","G",-0.0534,0.0058,0.0638,NA,3.74714069514402e-20,"exposure",TRUE,"reported","aam"
"15",68063739,"rs28376010","G","T",0.0414,0.0034,0.2115,NA,3.47376151972651e-33,"exposure",TRUE,"reported","aam"
"15",77860910,"rs2682925","A","G",0.0206,0.0029,0.4078,NA,6.61759218705661e-13,"exposure",TRUE,"reported","aam"
"15",78719501,"rs72736802","A","T",-0.0182,0.0031,0.3508,NA,2.28601986501411e-09,"exposure",TRUE,"reported","aam"
"15",83342772,"rs4779046","A","G",-0.0281,0.0032,0.7379,NA,4.39035865640943e-18,"exposure",TRUE,"reported","aam"
"15",89042467,"rs12915845","C","T",-0.0377,0.0028,0.4219,NA,3.09314301094897e-40,"exposure",TRUE,"reported","aam"
"15",93452846,"rs11856160","G","A",0.0322,0.0039,0.8368,NA,1.55310207523285e-16,"exposure",TRUE,"reported","aam"
"15",99288741,"rs72767997","T","C",0.0569,0.0091,0.0281,NA,4.00304064730183e-10,"exposure",TRUE,"reported","aam"
"16",3627358,"rs758747","C","T",-0.0249,0.0033,0.2742,NA,2.16520987930793e-14,"exposure",TRUE,"reported","aam"
"16",5927642,"rs62017075","T","C",-0.0196,0.0035,0.205,NA,2.41101548673041e-08,"exposure",TRUE,"reported","aam"
"16",6538214,"rs42240","C","T",-0.0243,0.0031,0.3128,NA,2.03001851985968e-15,"exposure",TRUE,"reported","aam"
"16",14391923,"rs246180","C","A",0.0498,0.003,0.3341,NA,3.16810815932804e-61,"exposure",TRUE,"reported","aam"
"16",14708525,"rs8047128","T","G",0.0192,0.0031,0.3664,NA,5.19505320821274e-10,"exposure",TRUE,"reported","aam"
"16",19975731,"rs148965598","A","G",0.0468,0.0042,0.134,NA,6.46546849775045e-29,"exposure",TRUE,"reported","aam"
"16",20400839,"rs11864909","C","T",-0.0187,0.0032,0.2835,NA,3.66496642166767e-09,"exposure",TRUE,"reported","aam"
"16",25031721,"rs117946564","G","C",0.0366,0.0063,0.0575,NA,5.06302416255766e-09,"exposure",TRUE,"reported","aam"
"16",28541394,"rs8046271","T","C",-0.0184,0.0029,0.4208,NA,2.13397830561691e-10,"exposure",TRUE,"reported","aam"
"16",30144379,"rs6565175","C","G",0.0265,0.0029,0.404,NA,9.37777913412172e-20,"exposure",TRUE,"reported","aam"
"16",48632478,"rs11649236","C","T",0.02,0.0031,0.3146,NA,7.83971003749196e-11,"exposure",TRUE,"reported","aam"
"16",49034109,"rs28655406","C","A",-0.019,0.0031,0.3615,NA,5.25896160382461e-10,"exposure",TRUE,"reported","aam"
"16",52292671,"rs3826196","T","C",-0.0345,0.0036,0.1919,NA,1.17896252324379e-21,"exposure",TRUE,"reported","aam"
"16",53819893,"rs11075990","A","G",-0.0503,0.0029,0.3976,NA,3.73508078943061e-69,"exposure",TRUE,"reported","aam"
"16",69733460,"rs7359336","G","A",-0.0501,0.0028,0.5797,NA,1.08692605632621e-69,"exposure",TRUE,"reported","aam"
"16",78682036,"rs2548843","C","A",-0.0194,0.0029,0.5489,NA,2.53279476569e-11,"exposure",TRUE,"reported","aam"
"16",84808969,"rs2303232","G","C",0.0181,0.003,0.4738,NA,9.35599540839121e-10,"exposure",TRUE,"reported","aam"
"17",2001299,"rs11868391","G","A",-0.0404,0.0056,0.0731,NA,4.10582088969914e-13,"exposure",TRUE,"reported","aam"
"17",5213391,"rs2585266","C","T",0.0284,0.0052,0.0916,NA,4.36003524532655e-08,"exposure",TRUE,"reported","aam"
"17",6034831,"rs7215990","G","A",-0.0355,0.0033,0.2465,NA,5.71741872917555e-27,"exposure",TRUE,"reported","aam"
"17",7733037,"rs12603355","C","T",0.0217,0.0031,0.293,NA,2.16222059671188e-12,"exposure",TRUE,"reported","aam"
"17",16246016,"rs7477","A","C",-0.0164,0.003,0.4978,NA,3.53199434852508e-08,"exposure",TRUE,"reported","aam"
"17",17492060,"rs4646344","A","G",-0.0174,0.0029,0.4589,NA,1.17100837193059e-09,"exposure",TRUE,"reported","aam"
"17",32295557,"rs57932203","T","C",-0.0201,0.0034,0.2523,NA,2.2350127243727e-09,"exposure",TRUE,"reported","aam"
"17",35002306,"rs211984","G","A",-0.0172,0.0031,0.3597,NA,2.77402263222613e-08,"exposure",TRUE,"reported","aam"
"17",42201041,"rs112114764","G","T",0.0202,0.0032,0.7012,NA,1.67401752409467e-10,"exposure",TRUE,"reported","aam"
"17",43176804,"rs2239923","C","T",-0.0274,0.0031,0.2863,NA,2.99571159242801e-18,"exposure",TRUE,"reported","aam"
"17",49613785,"rs9635759","G","A",0.0605,0.0031,0.3085,NA,1.60583160062498e-86,"exposure",TRUE,"reported","aam"
"17",53231137,"rs244291","G","A",0.0283,0.0029,0.609,NA,8.54279529904847e-23,"exposure",TRUE,"reported","aam"
"17",53318094,"rs244398","C","T",-0.0184,0.0029,0.5575,NA,1.33801197402162e-10,"exposure",TRUE,"reported","aam"
"17",77796437,"rs7218751","A","G",-0.0314,0.0036,0.188,NA,3.23817264731326e-18,"exposure",TRUE,"reported","aam"
"17",78728314,"rs2291359","G","A",-0.0255,0.003,0.3202,NA,4.73478213185152e-17,"exposure",TRUE,"reported","aam"
"17",79222331,"rs6565548","A","G",0.0186,0.0029,0.4434,NA,1.085000654095e-10,"exposure",TRUE,"reported","aam"
"17",79416656,"rs1478608","T","C",0.0225,0.0031,0.3907,NA,8.80440476164674e-13,"exposure",TRUE,"reported","aam"
"18",3817134,"rs12607903","C","T",-0.0461,0.0031,0.7109,NA,3.66606364249471e-50,"exposure",TRUE,"reported","aam"
"18",29977802,"rs182157662","A","G",0.0603,0.0096,0.0243,NA,3.14999598328737e-10,"exposure",TRUE,"reported","aam"
"18",31703064,"rs9945304","C","G",-0.0248,0.0029,0.5788,NA,3.95639824004252e-18,"exposure",TRUE,"reported","aam"
"18",42964593,"rs2430887","G","A",-0.0164,0.0029,0.6001,NA,9.88598620257585e-09,"exposure",TRUE,"reported","aam"
"18",44785302,"rs2668767","T","C",0.0499,0.0028,0.5741,NA,2.13206283581166e-69,"exposure",TRUE,"reported","aam"
"18",45392124,"rs113660547","T","C",0.0488,0.0078,0.0377,NA,4.69904928441481e-10,"exposure",TRUE,"reported","aam"
"18",50294678,"rs1431742","C","A",-0.0223,0.0036,0.8096,NA,8.9600410630781e-10,"exposure",TRUE,"reported","aam"
"18",57903416,"rs62096059","T","C",0.0339,0.0059,0.0619,NA,1.08700114111157e-08,"exposure",TRUE,"reported","aam"
"18",62339722,"rs2135385","G","A",0.0207,0.0035,0.7932,NA,3.84698063364491e-09,"exposure",TRUE,"reported","aam"
"18",74518805,"rs4640270","T","C",-0.0174,0.003,0.648,NA,3.79699477926074e-09,"exposure",TRUE,"reported","aam"
"19",1833338,"rs732310","G","T",0.0348,0.0029,0.5257,NA,1.94401673851301e-33,"exposure",TRUE,"reported","aam"
"19",5142817,"rs1061273","C","T",0.0255,0.0033,0.252,NA,1.19811912319003e-14,"exposure",TRUE,"reported","aam"
"19",7184801,"rs17253937","C","T",0.0229,0.0038,0.1732,NA,1.61800552401934e-09,"exposure",TRUE,"reported","aam"
"19",9996687,"rs8108431","T","C",-0.0433,0.0029,0.3759,NA,3.07397265608249e-50,"exposure",TRUE,"reported","aam"
"19",18231779,"rs12981122","C","T",0.021,0.0028,0.5456,NA,6.94704320749856e-14,"exposure",TRUE,"reported","aam"
"19",18806668,"rs2003476","T","C",0.0248,0.0029,0.4141,NA,3.27265330575372e-17,"exposure",TRUE,"reported","aam"
"19",30983806,"rs8100439","C","A",-0.0313,0.004,0.1524,NA,2.64180039026406e-15,"exposure",TRUE,"reported","aam"
"19",36216043,"rs11672164","A","G",0.0385,0.0041,0.1363,NA,6.46844664171723e-21,"exposure",TRUE,"reported","aam"
"19",47609223,"rs4804025","G","A",-0.0358,0.0031,0.7039,NA,1.00902052376436e-30,"exposure",TRUE,"reported","aam"
"19",49211969,"rs676388","T","C",0.0202,0.0029,0.5236,NA,3.22626472707567e-12,"exposure",TRUE,"reported","aam"
"19",49497022,"rs3764616","A","C",-0.0394,0.0053,0.084,NA,9.17064749114933e-14,"exposure",TRUE,"reported","aam"
"19",54960981,"rs1559192","T","C",0.0163,0.003,0.6275,NA,4.50297981288089e-08,"exposure",TRUE,"reported","aam"
"19",55854389,"rs12610863","G","A",0.0215,0.003,0.3591,NA,3.70168961033235e-13,"exposure",TRUE,"reported","aam"
"19",58991479,"rs882609","G","A",0.0217,0.0028,0.4615,NA,1.09900583943252e-14,"exposure",TRUE,"reported","aam"
"20",2634167,"rs6050911","C","A",0.0241,0.0034,0.2428,NA,7.77141318793679e-13,"exposure",TRUE,"reported","aam"
"20",17109159,"rs852061","A","C",0.0322,0.0029,0.6358,NA,2.05210699145127e-28,"exposure",TRUE,"reported","aam"
"20",18321965,"rs78575685","A","G",-0.0423,0.0054,0.0743,NA,3.82736604809814e-15,"exposure",TRUE,"reported","aam"
"20",18388837,"rs35050571","G","A",0.0269,0.0047,0.0997,NA,1.02600623506025e-08,"exposure",TRUE,"reported","aam"
"20",19702049,"rs3828002","G","A",0.025,0.0029,0.5408,NA,1.5700012565615e-18,"exposure",TRUE,"reported","aam"
"20",21490151,"rs744193","G","T",-0.0244,0.0038,0.1726,NA,1.30599044641965e-10,"exposure",TRUE,"reported","aam"
"20",32330930,"rs2747546","T","C",0.0203,0.0033,0.2412,NA,6.36092097286392e-10,"exposure",TRUE,"reported","aam"
"20",33456921,"rs7273470","G","C",0.0301,0.0033,0.2326,NA,1.17300536915369e-19,"exposure",TRUE,"reported","aam"
"20",37289943,"rs2025154","C","T",0.0328,0.0033,0.2387,NA,9.95634644308793e-23,"exposure",TRUE,"reported","aam"
"20",46364282,"rs6066454","C","T",0.0191,0.003,0.359,NA,2.13397830561691e-10,"exposure",TRUE,"reported","aam"
"20",54823550,"rs11575886","A","G",-0.0392,0.0045,0.1106,NA,2.91205786152971e-18,"exposure",TRUE,"reported","aam"
"20",57691416,"rs236706","C","T",-0.0252,0.0038,0.8297,NA,5.07925480365021e-11,"exposure",TRUE,"reported","aam"
"20",62450664,"rs6011155","T","C",0.0209,0.003,0.3768,NA,1.49313817777069e-12,"exposure",TRUE,"reported","aam"
"21",35334566,"rs766425","G","T",-0.0206,0.0029,0.4981,NA,1.43813613956807e-12,"exposure",TRUE,"reported","aam"
"21",37692507,"rs62229372","C","T",0.0464,0.0044,0.1273,NA,6.83439380986024e-26,"exposure",TRUE,"reported","aam"
"21",40604429,"rs2836950","C","G",-0.0369,0.0029,0.3607,NA,4.97393379106775e-36,"exposure",TRUE,"reported","aam"
"22",22281638,"rs240064","T","C",-0.0269,0.0028,0.4664,NA,8.55263621940463e-22,"exposure",TRUE,"reported","aam"
"22",31279536,"rs5753369","A","G",-0.0187,0.0029,0.5482,NA,1.103011397345e-10,"exposure",TRUE,"reported","aam"
"22",39279064,"rs5750690","G","C",0.0293,0.0036,0.8054,NA,3.94003427644745e-16,"exposure",TRUE,"reported","aam"
"22",42650663,"rs134866","C","T",-0.017,0.0028,0.5335,NA,1.42200132151888e-09,"exposure",TRUE,"reported","aam"
"22",49678782,"rs8136272","A","T",-0.033,0.0032,0.2687,NA,1.87888413793044e-24,"exposure",TRUE,"reported","aam"
